{
  "schema": "topoboardgame.ml.linear_policy_value.v1",
  "createdAt": "2026-06-22T03:59:25.565Z",
  "modelType": "linear-logistic-policy-value",
  "weights": {
    "bias": -0.008327983344515528,
    "board_size": -0.0035065223711583634,
    "boundary:periodic": -0.008327983344515528,
    "chess_material_balance": 0.6117598664683064,
    "chess_piece_count_balance": 0.6888565808122216,
    "chess_piece:bb": 0.07117206343912974,
    "chess_piece:bk": -0.0005204989590322205,
    "chess_piece:bn": 0.10598375155375889,
    "chess_piece:bp": 0.19836991327170683,
    "chess_piece:bq": 0.017207363574030004,
    "chess_piece:br": 0.04038965123698949,
    "chess_piece:wb": 0.08347972383406231,
    "chess_piece:wk": -0.0005204989590322205,
    "chess_piece:wn": 0.10283691745351899,
    "chess_piece:wp": 0.28885462524774447,
    "chess_piece:wq": -0.007716594203803016,
    "chess_piece:wr": 0.12922404577106034,
    "chess_total_pieces": 0.5101109790899478,
    "coord_0": 0.4955446082078647,
    "coord_1": -0.001322942938917656,
    "cross:2dchess:periodic": -0.008327983344515528,
    "cross:capture:periodic": 0.5498104514636625,
    "cross:edge:periodic": 0.06727970900314009,
    "dimension": -0.005551991672338117,
    "game_is:2dchess": -0.008327983344515528,
    "game:2dchess": -0.008327983344515528,
    "lattice:none": -0.008327983344515528,
    "legal_count_log": -0.3639674151287414,
    "move_bias": -0.008327983344515528,
    "move_capture_count": 0.05498104514636626,
    "move_captures_piece:B": -0.15840501301666446,
    "move_captures_piece:N": 0.19372412995182062,
    "move_captures_piece:P": 0.36438270678498585,
    "move_captures_piece:Q": 0.036934318620710824,
    "move_captures_piece:R": 0.11463017799772082,
    "move_center_closeness": -0.10228838443920425,
    "move_corner_or_anchor": -0.007410867396817716,
    "move_distance_manhattan": -0.6152285070910702,
    "move_edge": 0.06727970900314009,
    "move_is_long_range": -0.6347956669956394,
    "move_near_edge": 0.2266087710517893,
    "move_piece:B": -1.0142045486063325,
    "move_piece:K": 0.6133516296792361,
    "move_piece:N": 0.10165531454923404,
    "move_piece:P": -0.21511678944574542,
    "move_piece:Q": 0.10530658075319572,
    "move_piece:R": 0.39306231774181405,
    "move_promotion": 0.10515637065725947,
    "move_type:move": -0.008327983344515528,
    "player:black": 2.080107016060042,
    "player:white": -2.0890630933370664,
    "topology:periodic": -0.008327983344515528
  },
  "training": {
    "examples": 761,
    "epochs": 4,
    "lr": 0.04,
    "l2": 0.0005,
    "history": [
      {
        "epoch": 1,
        "loss": 0.396031,
        "examples": 761,
        "accuracy": 0.8962,
        "logLoss": 0.344769,
        "brier": 0.09606
      },
      {
        "epoch": 2,
        "loss": 0.329924,
        "examples": 761,
        "accuracy": 0.8936,
        "logLoss": 0.304879,
        "brier": 0.087277
      },
      {
        "epoch": 3,
        "loss": 0.321227,
        "examples": 761,
        "accuracy": 0.8936,
        "logLoss": 0.296991,
        "brier": 0.085986
      },
      {
        "epoch": 4,
        "loss": 0.314605,
        "examples": 761,
        "accuracy": 0.8949,
        "logLoss": 0.300269,
        "brier": 0.087529
      }
    ],
    "featureCount": 52,
    "input": "local-data/selfplay/2dchess-periodic-square-ai-knowledge.jsonl",
    "gameFilter": "2dchess",
    "modeFilter": "",
    "topWeights": [
      {
        "feature": "player:white",
        "weight": -2.089063
      },
      {
        "feature": "player:black",
        "weight": 2.080107
      },
      {
        "feature": "move_piece:B",
        "weight": -1.014205
      },
      {
        "feature": "chess_piece_count_balance",
        "weight": 0.688857
      },
      {
        "feature": "move_is_long_range",
        "weight": -0.634796
      },
      {
        "feature": "move_distance_manhattan",
        "weight": -0.615229
      },
      {
        "feature": "move_piece:K",
        "weight": 0.613352
      },
      {
        "feature": "chess_material_balance",
        "weight": 0.61176
      },
      {
        "feature": "cross:capture:periodic",
        "weight": 0.54981
      },
      {
        "feature": "chess_total_pieces",
        "weight": 0.510111
      },
      {
        "feature": "coord_0",
        "weight": 0.495545
      },
      {
        "feature": "move_piece:R",
        "weight": 0.393062
      },
      {
        "feature": "move_captures_piece:P",
        "weight": 0.364383
      },
      {
        "feature": "legal_count_log",
        "weight": -0.363967
      },
      {
        "feature": "chess_piece:wp",
        "weight": 0.288855
      },
      {
        "feature": "move_near_edge",
        "weight": 0.226609
      },
      {
        "feature": "move_piece:P",
        "weight": -0.215117
      },
      {
        "feature": "chess_piece:bp",
        "weight": 0.19837
      },
      {
        "feature": "move_captures_piece:N",
        "weight": 0.193724
      },
      {
        "feature": "move_captures_piece:B",
        "weight": -0.158405
      },
      {
        "feature": "chess_piece:wr",
        "weight": 0.129224
      },
      {
        "feature": "move_captures_piece:R",
        "weight": 0.11463
      },
      {
        "feature": "chess_piece:bn",
        "weight": 0.105984
      },
      {
        "feature": "move_piece:Q",
        "weight": 0.105307
      },
      {
        "feature": "move_promotion",
        "weight": 0.105156
      },
      {
        "feature": "chess_piece:wn",
        "weight": 0.102837
      },
      {
        "feature": "move_center_closeness",
        "weight": -0.102288
      },
      {
        "feature": "move_piece:N",
        "weight": 0.101655
      },
      {
        "feature": "chess_piece:wb",
        "weight": 0.08348
      },
      {
        "feature": "chess_piece:bb",
        "weight": 0.071172
      }
    ]
  }
}
