{
  "schema": "topoboardgame.ml.linear_policy_value.v1",
  "createdAt": "2026-06-24T03:47:48.362Z",
  "modelType": "linear-logistic-policy-value",
  "weights": {
    "bias": 0.0893248687673153,
    "board_size": 0.037610503969084545,
    "boundary:forbidden": 0.0893248687673153,
    "chess_material_balance": -2.6407871548117536,
    "chess_piece_count_balance": -0.5915181799327748,
    "chess_piece:bb": -0.1819630697142592,
    "chess_piece:bk": 0.005582804297957206,
    "chess_piece:bn": -0.09161103903120706,
    "chess_piece:bp": 0.12898781236501536,
    "chess_piece:bq": -0.17431397226458797,
    "chess_piece:br": -0.012339508253037517,
    "chess_piece:wb": 0.03557567421649809,
    "chess_piece:wk": 0.005582804297957206,
    "chess_piece:wn": -0.12652723730489565,
    "chess_piece:wp": -0.10986629410535963,
    "chess_piece:wq": -0.10855222614236482,
    "chess_piece:wr": 0.011165608595914412,
    "chess_total_pieces": -0.2975862599625837,
    "coord_0": -0.12263857531099277,
    "coord_1": -0.5025249765273442,
    "cross:2dchess:forbidden": 0.0893248687673153,
    "cross:capture:forbidden": -0.29454608071155575,
    "cross:edge:forbidden": 0.34880991316146187,
    "dimension": 0.05954994228649989,
    "game_is:2dchess": 0.0893248687673153,
    "game:2dchess": 0.0893248687673153,
    "lattice:none": 0.0893248687673153,
    "legal_count_log": -0.6760911152849836,
    "move_bias": 0.0893248687673153,
    "move_capture_count": -0.0294546080711557,
    "move_captures_piece:B": -0.8750853987499493,
    "move_captures_piece:N": 0.1947027369303381,
    "move_captures_piece:P": 1.1421495209896158,
    "move_captures_piece:Q": -0.12192022187429301,
    "move_captures_piece:R": -0.6566678659128381,
    "move_castling": -0.050986774620433176,
    "move_center_closeness": 0.26296933823122964,
    "move_distance_manhattan": 0.8663123707972766,
    "move_edge": 0.34880991316146187,
    "move_is_long_range": 0.05461306208194228,
    "move_near_edge": -0.18417712303837497,
    "move_piece:B": -0.2883800626730749,
    "move_piece:K": -1.1534278417862787,
    "move_piece:N": 0.3988264795532698,
    "move_piece:P": 0.3267923276840748,
    "move_piece:Q": 0.12606368075621582,
    "move_piece:R": 0.639286587093387,
    "move_type:move": 0.0893248687673153,
    "player:black": -1.2923526923034947,
    "player:white": 1.3851399960900563,
    "topology:forbidden": 0.0893248687673153
  },
  "training": {
    "examples": 2971,
    "epochs": 8,
    "lr": 0.04,
    "l2": 0.0005,
    "history": [
      {
        "epoch": 1,
        "loss": 0.58118,
        "examples": 2971,
        "accuracy": 0.7577,
        "logLoss": 0.540063,
        "brier": 0.178673
      },
      {
        "epoch": 2,
        "loss": 0.57007,
        "examples": 2971,
        "accuracy": 0.7573,
        "logLoss": 0.592298,
        "brier": 0.196371
      },
      {
        "epoch": 3,
        "loss": 0.561848,
        "examples": 2971,
        "accuracy": 0.7617,
        "logLoss": 0.536191,
        "brier": 0.176783
      },
      {
        "epoch": 4,
        "loss": 0.563452,
        "examples": 2971,
        "accuracy": 0.7402,
        "logLoss": 0.571551,
        "brier": 0.189745
      },
      {
        "epoch": 5,
        "loss": 0.564202,
        "examples": 2971,
        "accuracy": 0.7566,
        "logLoss": 0.54062,
        "brier": 0.178963
      },
      {
        "epoch": 6,
        "loss": 0.56029,
        "examples": 2971,
        "accuracy": 0.7654,
        "logLoss": 0.527437,
        "brier": 0.173665
      },
      {
        "epoch": 7,
        "loss": 0.560444,
        "examples": 2971,
        "accuracy": 0.7641,
        "logLoss": 0.53339,
        "brier": 0.176018
      },
      {
        "epoch": 8,
        "loss": 0.559824,
        "examples": 2971,
        "accuracy": 0.7553,
        "logLoss": 0.559048,
        "brier": 0.184296
      }
    ],
    "featureCount": 51,
    "input": "local-data/selfplay/2dchess-standard-square-searchfirst-books-100.jsonl",
    "gameFilter": "2dchess",
    "modeFilter": "",
    "topWeights": [
      {
        "feature": "chess_material_balance",
        "weight": -2.640787
      },
      {
        "feature": "player:white",
        "weight": 1.38514
      },
      {
        "feature": "player:black",
        "weight": -1.292353
      },
      {
        "feature": "move_piece:K",
        "weight": -1.153428
      },
      {
        "feature": "move_captures_piece:P",
        "weight": 1.14215
      },
      {
        "feature": "move_captures_piece:B",
        "weight": -0.875085
      },
      {
        "feature": "move_distance_manhattan",
        "weight": 0.866312
      },
      {
        "feature": "legal_count_log",
        "weight": -0.676091
      },
      {
        "feature": "move_captures_piece:R",
        "weight": -0.656668
      },
      {
        "feature": "move_piece:R",
        "weight": 0.639287
      },
      {
        "feature": "chess_piece_count_balance",
        "weight": -0.591518
      },
      {
        "feature": "coord_1",
        "weight": -0.502525
      },
      {
        "feature": "move_piece:N",
        "weight": 0.398826
      },
      {
        "feature": "cross:edge:forbidden",
        "weight": 0.34881
      },
      {
        "feature": "move_edge",
        "weight": 0.34881
      },
      {
        "feature": "move_piece:P",
        "weight": 0.326792
      },
      {
        "feature": "chess_total_pieces",
        "weight": -0.297586
      },
      {
        "feature": "cross:capture:forbidden",
        "weight": -0.294546
      },
      {
        "feature": "move_piece:B",
        "weight": -0.28838
      },
      {
        "feature": "move_center_closeness",
        "weight": 0.262969
      },
      {
        "feature": "move_captures_piece:N",
        "weight": 0.194703
      },
      {
        "feature": "move_near_edge",
        "weight": -0.184177
      },
      {
        "feature": "chess_piece:bb",
        "weight": -0.181963
      },
      {
        "feature": "chess_piece:bq",
        "weight": -0.174314
      },
      {
        "feature": "chess_piece:bp",
        "weight": 0.128988
      },
      {
        "feature": "chess_piece:wn",
        "weight": -0.126527
      },
      {
        "feature": "move_piece:Q",
        "weight": 0.126064
      },
      {
        "feature": "coord_0",
        "weight": -0.122639
      },
      {
        "feature": "move_captures_piece:Q",
        "weight": -0.12192
      },
      {
        "feature": "chess_piece:wp",
        "weight": -0.109866
      }
    ]
  }
}
