{
  "schema": "topoboardgame.ml.linear_policy_value.v1",
  "createdAt": "2026-07-10T03:35:44.957Z",
  "modelType": "linear-logistic-policy-value",
  "weights": {
    "bias": -0.1420702785830228,
    "board_size": -0.05981911700821714,
    "boundary:periodic": -0.1420702785830228,
    "chess_material_balance": -0.6830469375029882,
    "chess_piece_count_balance": -2.678758245076584,
    "chess_piece:bb": -0.13260734059176618,
    "chess_piece:bk": -0.008879392411438924,
    "chess_piece:bn": -0.3244483939386782,
    "chess_piece:bp": 0.648653011008442,
    "chess_piece:bq": 0.22694642383020114,
    "chess_piece:br": 0.4357804838119769,
    "chess_piece:wb": -0.3024898996409867,
    "chess_piece:wk": -0.008879392411438924,
    "chess_piece:wn": -0.9904140017612553,
    "chess_piece:wp": 0.26739106608698415,
    "chess_piece:wq": -0.6425939314233954,
    "chess_piece:wr": 0.5468219260288397,
    "chess_total_pieces": 0.4152044035025443,
    "coord_0": -0.48464314627974503,
    "coord_1": 0.08612067118497321,
    "cross:2dchess:periodic": -0.1420702785830228,
    "cross:capture:periodic": -0.07801095409116991,
    "cross:edge:periodic": 0.20275695382023146,
    "dimension": -0.0947135664121062,
    "game_is:2dchess": -0.1420702785830228,
    "game:2dchess": -0.1420702785830228,
    "lattice:none": -0.1420702785830228,
    "legal_count_log": 0.11894448676005122,
    "move_bias": -0.1420702785830228,
    "move_capture_count": -0.007801095409116774,
    "move_captures_piece:B": 0.28138086769182064,
    "move_captures_piece:N": -0.04360923405787106,
    "move_captures_piece:P": 0.16300997767302838,
    "move_captures_piece:Q": -0.5858401992496786,
    "move_captures_piece:R": 0.049099054530212516,
    "move_castling": -1.5910357259056274,
    "move_center_closeness": 0.7828715850086169,
    "move_corner_or_anchor": -0.0869638738173509,
    "move_distance_manhattan": 0.0019103812923072156,
    "move_edge": 0.20275695382023146,
    "move_is_long_range": 0.22714572304350014,
    "move_near_edge": 0.06468007778248351,
    "move_piece:B": 0.01843809126029013,
    "move_piece:K": 1.138323440170283,
    "move_piece:N": -0.14096223085644347,
    "move_piece:P": 0.0002239816237426806,
    "move_piece:Q": -0.5269627242152067,
    "move_piece:R": -1.0356430892823278,
    "move_promotion": 0.08496729895223039,
    "move_type:move": -0.1420702785830228,
    "player:black": -1.12603983486007,
    "player:white": 0.9077877034995807,
    "topology:periodic": -0.1420702785830228
  },
  "training": {
    "examples": 19331,
    "epochs": 8,
    "lr": 0.04,
    "l2": 0.0005,
    "history": [
      {
        "epoch": 1,
        "loss": 0.465989,
        "examples": 19331,
        "accuracy": 0.6875,
        "logLoss": 0.478463,
        "brier": 0.071225
      },
      {
        "epoch": 2,
        "loss": 0.461546,
        "examples": 19331,
        "accuracy": 0.8342,
        "logLoss": 0.454168,
        "brier": 0.061905
      },
      {
        "epoch": 3,
        "loss": 0.460215,
        "examples": 19331,
        "accuracy": 0.7589,
        "logLoss": 0.451386,
        "brier": 0.06095
      },
      {
        "epoch": 4,
        "loss": 0.459153,
        "examples": 19331,
        "accuracy": 0.7042,
        "logLoss": 0.467767,
        "brier": 0.067181
      },
      {
        "epoch": 5,
        "loss": 0.460037,
        "examples": 19331,
        "accuracy": 0.6808,
        "logLoss": 0.496895,
        "brier": 0.076961
      },
      {
        "epoch": 6,
        "loss": 0.459928,
        "examples": 19331,
        "accuracy": 0.7618,
        "logLoss": 0.452864,
        "brier": 0.061587
      },
      {
        "epoch": 7,
        "loss": 0.459808,
        "examples": 19331,
        "accuracy": 0.7038,
        "logLoss": 0.465391,
        "brier": 0.066282
      },
      {
        "epoch": 8,
        "loss": 0.460043,
        "examples": 19331,
        "accuracy": 0.7005,
        "logLoss": 0.472473,
        "brier": 0.068876
      }
    ],
    "featureCount": 53,
    "input": "local-data/selfplay/2dchess-periodic-square-s8-100.jsonl",
    "gameFilter": "2dchess",
    "modeFilter": "",
    "topWeights": [
      {
        "feature": "chess_piece_count_balance",
        "weight": -2.678758
      },
      {
        "feature": "move_castling",
        "weight": -1.591036
      },
      {
        "feature": "move_piece:K",
        "weight": 1.138323
      },
      {
        "feature": "player:black",
        "weight": -1.12604
      },
      {
        "feature": "move_piece:R",
        "weight": -1.035643
      },
      {
        "feature": "chess_piece:wn",
        "weight": -0.990414
      },
      {
        "feature": "player:white",
        "weight": 0.907788
      },
      {
        "feature": "move_center_closeness",
        "weight": 0.782872
      },
      {
        "feature": "chess_material_balance",
        "weight": -0.683047
      },
      {
        "feature": "chess_piece:bp",
        "weight": 0.648653
      },
      {
        "feature": "chess_piece:wq",
        "weight": -0.642594
      },
      {
        "feature": "move_captures_piece:Q",
        "weight": -0.58584
      },
      {
        "feature": "chess_piece:wr",
        "weight": 0.546822
      },
      {
        "feature": "move_piece:Q",
        "weight": -0.526963
      },
      {
        "feature": "coord_0",
        "weight": -0.484643
      },
      {
        "feature": "chess_piece:br",
        "weight": 0.43578
      },
      {
        "feature": "chess_total_pieces",
        "weight": 0.415204
      },
      {
        "feature": "chess_piece:bn",
        "weight": -0.324448
      },
      {
        "feature": "chess_piece:wb",
        "weight": -0.30249
      },
      {
        "feature": "move_captures_piece:B",
        "weight": 0.281381
      },
      {
        "feature": "chess_piece:wp",
        "weight": 0.267391
      },
      {
        "feature": "move_is_long_range",
        "weight": 0.227146
      },
      {
        "feature": "chess_piece:bq",
        "weight": 0.226946
      },
      {
        "feature": "cross:edge:periodic",
        "weight": 0.202757
      },
      {
        "feature": "move_edge",
        "weight": 0.202757
      },
      {
        "feature": "move_captures_piece:P",
        "weight": 0.16301
      },
      {
        "feature": "bias",
        "weight": -0.14207
      },
      {
        "feature": "boundary:periodic",
        "weight": -0.14207
      },
      {
        "feature": "cross:2dchess:periodic",
        "weight": -0.14207
      },
      {
        "feature": "game_is:2dchess",
        "weight": -0.14207
      }
    ]
  }
}
