{
  "schema": "topoboardgame.ml.linear_policy_value.v1",
  "createdAt": "2026-07-19T03:15:28.185Z",
  "modelType": "linear-logistic-policy-value",
  "weights": {
    "bias": 0.0012795094486908758,
    "board_size": 0.0005387412918996545,
    "boundary:periodic": 0.0012795094486908758,
    "chess_material_balance": 0.17463827617469732,
    "chess_piece_count_balance": 0.27714372559471817,
    "chess_piece:bb": 0.009719607692861482,
    "chess_piece:bk": 0.00007996934054317973,
    "chess_piece:bn": -0.0032038331872209337,
    "chess_piece:bp": 0.011849195596007346,
    "chess_piece:bq": 0.013516605536811575,
    "chess_piece:br": 0.00543572371034702,
    "chess_piece:wb": -0.014863512278170012,
    "chess_piece:wk": 0.00007996934054317973,
    "chess_piece:wn": -0.0129939803856216,
    "chess_piece:wp": 0.010097231637581779,
    "chess_piece:wq": -0.006854602971884361,
    "chess_piece:wr": -0.0037788557415876288,
    "chess_total_pieces": 0.009939286910262636,
    "coord_0": 0.1662209465151505,
    "coord_1": -0.1624200191960123,
    "coord_2": -0.14828613969220047,
    "cross:3dchess:cube": 0.0012795094486908758,
    "cross:3dchess:cube:chess3d": 0.0012795094486908758,
    "cross:capture:cube": -0.017022524829607075,
    "cross:edge:cube": -0.06152502146309612,
    "dimension": 0.0012795094486908758,
    "game_is:3dchess": 0.0012795094486908758,
    "game:3dchess": 0.0012795094486908758,
    "lattice:chess3d": 0.0012795094486908758,
    "legal_count_log": 0.018918606595930643,
    "move_bias": 0.0012795094486908758,
    "move_capture_count": -0.0017022524829607309,
    "move_captures_piece:B": -0.054045527937508865,
    "move_captures_piece:N": 0.01250486706502384,
    "move_captures_piece:P": 0.040898297379703054,
    "move_captures_piece:Q": -0.037548825211161076,
    "move_captures_piece:R": 0.000025006618505029877,
    "move_center_closeness": 0.03403152975173274,
    "move_distance_manhattan": 0.023286817613934904,
    "move_edge": -0.06152502146309612,
    "move_is_long_range": 0.009998371763130334,
    "move_near_edge": 0.21034625741358923,
    "move_piece:B": 0.06228466748013444,
    "move_piece:K": 0.1484237403669829,
    "move_piece:N": 0.03129229771099177,
    "move_piece:P": -0.0373204542475695,
    "move_piece:Q": -0.12812118799927477,
    "move_piece:R": -0.021686539448730092,
    "move_promotion": 0.01571607920262265,
    "move_type:move": 0.0012795094486908758,
    "player:black": -5.798683047375576,
    "player:white": 5.800648990800661,
    "topology:cube": 0.0012795094486908758
  },
  "training": {
    "examples": 18000,
    "epochs": 8,
    "lr": 0.04,
    "l2": 0.0005,
    "history": [
      {
        "epoch": 1,
        "loss": 0.018787,
        "examples": 18000,
        "accuracy": 1,
        "logLoss": 0.004267,
        "brier": 0.000019
      },
      {
        "epoch": 2,
        "loss": 0.003592,
        "examples": 18000,
        "accuracy": 1,
        "logLoss": 0.003213,
        "brier": 0.000011
      },
      {
        "epoch": 3,
        "loss": 0.003078,
        "examples": 18000,
        "accuracy": 1,
        "logLoss": 0.002994,
        "brier": 0.000009
      },
      {
        "epoch": 4,
        "loss": 0.002956,
        "examples": 18000,
        "accuracy": 1,
        "logLoss": 0.002931,
        "brier": 0.000009
      },
      {
        "epoch": 5,
        "loss": 0.002921,
        "examples": 18000,
        "accuracy": 1,
        "logLoss": 0.002912,
        "brier": 0.000009
      },
      {
        "epoch": 6,
        "loss": 0.00291,
        "examples": 18000,
        "accuracy": 1,
        "logLoss": 0.002906,
        "brier": 0.000009
      },
      {
        "epoch": 7,
        "loss": 0.002907,
        "examples": 18000,
        "accuracy": 1,
        "logLoss": 0.002904,
        "brier": 0.000009
      },
      {
        "epoch": 8,
        "loss": 0.002904,
        "examples": 18000,
        "accuracy": 1,
        "logLoss": 0.002907,
        "brier": 0.000009
      }
    ],
    "featureCount": 53,
    "input": "local-data/selfplay/3dchess-t3-chess3d-s8-100.jsonl",
    "gameFilter": "3dchess",
    "modeFilter": "",
    "topWeights": [
      {
        "feature": "player:white",
        "weight": 5.800649
      },
      {
        "feature": "player:black",
        "weight": -5.798683
      },
      {
        "feature": "chess_piece_count_balance",
        "weight": 0.277144
      },
      {
        "feature": "move_near_edge",
        "weight": 0.210346
      },
      {
        "feature": "chess_material_balance",
        "weight": 0.174638
      },
      {
        "feature": "coord_0",
        "weight": 0.166221
      },
      {
        "feature": "coord_1",
        "weight": -0.16242
      },
      {
        "feature": "move_piece:K",
        "weight": 0.148424
      },
      {
        "feature": "coord_2",
        "weight": -0.148286
      },
      {
        "feature": "move_piece:Q",
        "weight": -0.128121
      },
      {
        "feature": "move_piece:B",
        "weight": 0.062285
      },
      {
        "feature": "cross:edge:cube",
        "weight": -0.061525
      },
      {
        "feature": "move_edge",
        "weight": -0.061525
      },
      {
        "feature": "move_captures_piece:B",
        "weight": -0.054046
      },
      {
        "feature": "move_captures_piece:P",
        "weight": 0.040898
      },
      {
        "feature": "move_captures_piece:Q",
        "weight": -0.037549
      },
      {
        "feature": "move_piece:P",
        "weight": -0.03732
      },
      {
        "feature": "move_center_closeness",
        "weight": 0.034032
      },
      {
        "feature": "move_piece:N",
        "weight": 0.031292
      },
      {
        "feature": "move_distance_manhattan",
        "weight": 0.023287
      },
      {
        "feature": "move_piece:R",
        "weight": -0.021687
      },
      {
        "feature": "legal_count_log",
        "weight": 0.018919
      },
      {
        "feature": "cross:capture:cube",
        "weight": -0.017023
      },
      {
        "feature": "move_promotion",
        "weight": 0.015716
      },
      {
        "feature": "chess_piece:wb",
        "weight": -0.014864
      },
      {
        "feature": "chess_piece:bq",
        "weight": 0.013517
      },
      {
        "feature": "chess_piece:wn",
        "weight": -0.012994
      },
      {
        "feature": "move_captures_piece:N",
        "weight": 0.012505
      },
      {
        "feature": "chess_piece:bp",
        "weight": 0.011849
      },
      {
        "feature": "chess_piece:wp",
        "weight": 0.010097
      }
    ]
  }
}
