{
  "schema": "topoboardgame.ml.linear_policy_value.v1",
  "createdAt": "2026-07-19T03:21:15.894Z",
  "modelType": "linear-logistic-policy-value",
  "weights": {
    "bias": 0.011446262483700594,
    "board_size": 0.007229219013193163,
    "boundary:rp2": 0.011446262483700594,
    "chess_material_balance": 0.28796760555152523,
    "chess_piece_count_balance": 0.2939913654578704,
    "chess_piece:bb": -0.0025818265598550297,
    "chess_piece:bk": 0.0007153914052312871,
    "chess_piece:bn": -0.00573813081314061,
    "chess_piece:bp": 0.007206803233360354,
    "chess_piece:bq": -0.009333257250095272,
    "chess_piece:br": -0.006377133718851064,
    "chess_piece:wb": -0.01364056514430166,
    "chess_piece:wk": 0.0007153914052312871,
    "chess_piece:wn": -0.003703702700342565,
    "chess_piece:wp": -0.016753086507739143,
    "chess_piece:wq": -0.02895123921260365,
    "chess_piece:wr": -0.005384974757847283,
    "chess_total_pieces": -0.021080218470977106,
    "coord_0": -0.0008524538927644332,
    "coord_1": -0.00770698626694288,
    "cross:3dchess:rp2": 0.011446262483700594,
    "cross:3dchess:rp2:chess3d": 0.011446262483700594,
    "cross:capture:rp2": -0.05717986132737729,
    "cross:edge:rp2": 0.011446262483700594,
    "dimension": 0.0076308454712213595,
    "game_is:3dchess": 0.011446262483700594,
    "game:3dchess": 0.011446262483700594,
    "lattice:chess3d": 0.011446262483700594,
    "legal_count_log": 0.021504042492312435,
    "move_bias": 0.011446262483700594,
    "move_capture_count": -0.005717986132737689,
    "move_captures_piece:B": 0.0036354281823196256,
    "move_captures_piece:N": -0.02986687533611768,
    "move_captures_piece:P": -0.05056222576628312,
    "move_captures_piece:Q": 0.030424608055753408,
    "move_captures_piece:R": -0.020804201802856852,
    "move_center_closeness": 0.00435071588702202,
    "move_distance_manhattan": 0.0018122139993250333,
    "move_edge": 0.011446262483700594,
    "move_is_long_range": -0.05314000362951851,
    "move_near_edge": 0.011446262483700594,
    "move_piece:B": 0.00919441231703673,
    "move_piece:K": -0.16779661056851877,
    "move_piece:N": 0.049220752258885635,
    "move_piece:P": -0.07438763044156152,
    "move_piece:Q": 0.4362419992706037,
    "move_piece:R": 0.10936122897410076,
    "move_promotion": -0.006560157501558286,
    "move_type:move": 0.011446262483700594,
    "player:black": -5.771338190808372,
    "player:white": 5.791677215035438,
    "topology:rp2": 0.011446262483700594
  },
  "training": {
    "examples": 18000,
    "epochs": 8,
    "lr": 0.04,
    "l2": 0.0005,
    "history": [
      {
        "epoch": 1,
        "loss": 0.018708,
        "examples": 18000,
        "accuracy": 1,
        "logLoss": 0.004264,
        "brier": 0.00002
      },
      {
        "epoch": 2,
        "loss": 0.003589,
        "examples": 18000,
        "accuracy": 1,
        "logLoss": 0.003207,
        "brier": 0.000011
      },
      {
        "epoch": 3,
        "loss": 0.003073,
        "examples": 18000,
        "accuracy": 1,
        "logLoss": 0.002986,
        "brier": 0.000009
      },
      {
        "epoch": 4,
        "loss": 0.002948,
        "examples": 18000,
        "accuracy": 1,
        "logLoss": 0.002921,
        "brier": 0.000009
      },
      {
        "epoch": 5,
        "loss": 0.002912,
        "examples": 18000,
        "accuracy": 1,
        "logLoss": 0.002902,
        "brier": 0.000009
      },
      {
        "epoch": 6,
        "loss": 0.0029,
        "examples": 18000,
        "accuracy": 1,
        "logLoss": 0.002897,
        "brier": 0.000009
      },
      {
        "epoch": 7,
        "loss": 0.002899,
        "examples": 18000,
        "accuracy": 1,
        "logLoss": 0.002895,
        "brier": 0.000009
      },
      {
        "epoch": 8,
        "loss": 0.002896,
        "examples": 18000,
        "accuracy": 1,
        "logLoss": 0.002895,
        "brier": 0.000009
      }
    ],
    "featureCount": 52,
    "input": "local-data/selfplay/3dchess-rp2-chess3d-s8-100.jsonl",
    "gameFilter": "3dchess",
    "modeFilter": "",
    "topWeights": [
      {
        "feature": "player:white",
        "weight": 5.791677
      },
      {
        "feature": "player:black",
        "weight": -5.771338
      },
      {
        "feature": "move_piece:Q",
        "weight": 0.436242
      },
      {
        "feature": "chess_piece_count_balance",
        "weight": 0.293991
      },
      {
        "feature": "chess_material_balance",
        "weight": 0.287968
      },
      {
        "feature": "move_piece:K",
        "weight": -0.167797
      },
      {
        "feature": "move_piece:R",
        "weight": 0.109361
      },
      {
        "feature": "move_piece:P",
        "weight": -0.074388
      },
      {
        "feature": "cross:capture:rp2",
        "weight": -0.05718
      },
      {
        "feature": "move_is_long_range",
        "weight": -0.05314
      },
      {
        "feature": "move_captures_piece:P",
        "weight": -0.050562
      },
      {
        "feature": "move_piece:N",
        "weight": 0.049221
      },
      {
        "feature": "move_captures_piece:Q",
        "weight": 0.030425
      },
      {
        "feature": "move_captures_piece:N",
        "weight": -0.029867
      },
      {
        "feature": "chess_piece:wq",
        "weight": -0.028951
      },
      {
        "feature": "legal_count_log",
        "weight": 0.021504
      },
      {
        "feature": "chess_total_pieces",
        "weight": -0.02108
      },
      {
        "feature": "move_captures_piece:R",
        "weight": -0.020804
      },
      {
        "feature": "chess_piece:wp",
        "weight": -0.016753
      },
      {
        "feature": "chess_piece:wb",
        "weight": -0.013641
      },
      {
        "feature": "bias",
        "weight": 0.011446
      },
      {
        "feature": "boundary:rp2",
        "weight": 0.011446
      },
      {
        "feature": "cross:3dchess:rp2",
        "weight": 0.011446
      },
      {
        "feature": "cross:3dchess:rp2:chess3d",
        "weight": 0.011446
      },
      {
        "feature": "cross:edge:rp2",
        "weight": 0.011446
      },
      {
        "feature": "game_is:3dchess",
        "weight": 0.011446
      },
      {
        "feature": "game:3dchess",
        "weight": 0.011446
      },
      {
        "feature": "lattice:chess3d",
        "weight": 0.011446
      },
      {
        "feature": "move_bias",
        "weight": 0.011446
      },
      {
        "feature": "move_edge",
        "weight": 0.011446
      }
    ]
  }
}
