{
  "schema": "topoboardgame.ml.linear_policy_value.v1",
  "createdAt": "2026-07-09T20:43:53.063Z",
  "modelType": "linear-logistic-policy-value",
  "weights": {
    "bias": -0.01081575135724881,
    "board_size": -0.00455400455622358,
    "boundary:forbidden": -0.01081575135724881,
    "chess_material_balance": -1.5537365736432616,
    "chess_piece_count_balance": -1.28777582644621,
    "chess_piece:bb": 0.005304737582069052,
    "chess_piece:bk": -0.0006759844598280507,
    "chess_piece:bn": -0.0013519689196561013,
    "chess_piece:bp": -0.013335378694583462,
    "chess_piece:bq": 0.004552896538182283,
    "chess_piece:br": -0.0013519689196561013,
    "chess_piece:wb": -0.0016445142647089181,
    "chess_piece:wk": -0.0006759844598280507,
    "chess_piece:wn": -0.011798783426869908,
    "chess_piece:wp": -0.017100160372708954,
    "chess_piece:wq": 0.004362427421654396,
    "chess_piece:wr": -0.001652054206712191,
    "chess_total_pieces": -0.018062552764635947,
    "coord_0": 0.0985399599704954,
    "coord_1": -0.19263766454706374,
    "coord_2": -0.23772158974760535,
    "cross:3dchess:cube": -0.01081575135724881,
    "cross:3dchess:cube:chess3d": -0.01081575135724881,
    "cross:capture:cube": -1.4687974840515154,
    "cross:edge:cube": 0.2680008508156011,
    "dimension": -0.01081575135724881,
    "game_is:3dchess": -0.01081575135724881,
    "game:3dchess": -0.01081575135724881,
    "lattice:chess3d": -0.01081575135724881,
    "legal_count_log": -0.0235889148567423,
    "move_bias": -0.01081575135724881,
    "move_capture_count": -0.1468797484051513,
    "move_captures_piece:B": -0.24763116299347696,
    "move_captures_piece:N": -0.2855226169309045,
    "move_captures_piece:P": -0.5472395673067341,
    "move_captures_piece:Q": -0.24301303150637696,
    "move_captures_piece:R": -0.22982146068267115,
    "move_center_closeness": -0.4937886979679532,
    "move_corner_or_anchor": -0.16873328189984413,
    "move_distance_manhattan": 0.08493995499161855,
    "move_edge": 0.2680008508156011,
    "move_is_long_range": 0.23534230498709877,
    "move_near_edge": 1.2139294857208276,
    "move_piece:B": -0.3011038102413237,
    "move_piece:K": 0.0939354786047662,
    "move_piece:N": 0.498812305215125,
    "move_piece:P": 0.4136710338112622,
    "move_piece:Q": -0.827167963010165,
    "move_piece:R": 0.1059578721694258,
    "move_promotion": -0.08441822132391429,
    "move_type:move": -0.01081575135724881,
    "player:black": -4.1230309198651,
    "player:white": 4.1102260124360095,
    "topology:cube": -0.01081575135724881
  },
  "training": {
    "examples": 4000,
    "epochs": 4,
    "lr": 0.04,
    "l2": 0.0005,
    "history": [
      {
        "epoch": 1,
        "loss": 0.045369,
        "examples": 4000,
        "accuracy": 1,
        "logLoss": 0.011074,
        "brier": 0.000379
      },
      {
        "epoch": 2,
        "loss": 0.008185,
        "examples": 4000,
        "accuracy": 1,
        "logLoss": 0.006247,
        "brier": 0.000137
      },
      {
        "epoch": 3,
        "loss": 0.005358,
        "examples": 4000,
        "accuracy": 1,
        "logLoss": 0.00464,
        "brier": 0.000085
      },
      {
        "epoch": 4,
        "loss": 0.004236,
        "examples": 4000,
        "accuracy": 1,
        "logLoss": 0.003865,
        "brier": 0.000056
      }
    ],
    "featureCount": 54,
    "input": "local-data/selfplay/3dchess-r3-chess3d-s8-g100-release.jsonl",
    "gameFilter": "",
    "modeFilter": "",
    "topWeights": [
      {
        "feature": "player:black",
        "weight": -4.123031
      },
      {
        "feature": "player:white",
        "weight": 4.110226
      },
      {
        "feature": "chess_material_balance",
        "weight": -1.553737
      },
      {
        "feature": "cross:capture:cube",
        "weight": -1.468797
      },
      {
        "feature": "chess_piece_count_balance",
        "weight": -1.287776
      },
      {
        "feature": "move_near_edge",
        "weight": 1.213929
      },
      {
        "feature": "move_piece:Q",
        "weight": -0.827168
      },
      {
        "feature": "move_captures_piece:P",
        "weight": -0.54724
      },
      {
        "feature": "move_piece:N",
        "weight": 0.498812
      },
      {
        "feature": "move_center_closeness",
        "weight": -0.493789
      },
      {
        "feature": "move_piece:P",
        "weight": 0.413671
      },
      {
        "feature": "move_piece:B",
        "weight": -0.301104
      },
      {
        "feature": "move_captures_piece:N",
        "weight": -0.285523
      },
      {
        "feature": "cross:edge:cube",
        "weight": 0.268001
      },
      {
        "feature": "move_edge",
        "weight": 0.268001
      },
      {
        "feature": "move_captures_piece:B",
        "weight": -0.247631
      },
      {
        "feature": "move_captures_piece:Q",
        "weight": -0.243013
      },
      {
        "feature": "coord_2",
        "weight": -0.237722
      },
      {
        "feature": "move_is_long_range",
        "weight": 0.235342
      },
      {
        "feature": "move_captures_piece:R",
        "weight": -0.229821
      },
      {
        "feature": "coord_1",
        "weight": -0.192638
      },
      {
        "feature": "move_corner_or_anchor",
        "weight": -0.168733
      },
      {
        "feature": "move_capture_count",
        "weight": -0.14688
      },
      {
        "feature": "move_piece:R",
        "weight": 0.105958
      },
      {
        "feature": "coord_0",
        "weight": 0.09854
      },
      {
        "feature": "move_piece:K",
        "weight": 0.093935
      },
      {
        "feature": "move_distance_manhattan",
        "weight": 0.08494
      },
      {
        "feature": "move_promotion",
        "weight": -0.084418
      },
      {
        "feature": "legal_count_log",
        "weight": -0.023589
      },
      {
        "feature": "chess_total_pieces",
        "weight": -0.018063
      }
    ]
  }
}
